{
  "IBaVuZsJJTo": 1770184200.785156,
  "Qnlp3FCO2vc": 1770184325.511262,
  "xSiQBSq-I0M": 1770184473.561034,
  "9HI8UJMSdZA": 1770184653.415953,
  "Snd6is4B17M": 1770185428.065189,
  "sqJ4tLBiurw": 1770185577.081504,
  "stU1nkpcVsI": 1770185795.176165,
  "yubCnXAA3H8": 1770185949.473822,
  "Q1p7bh3SHj8": 1770186106.625038,
  "Im7lZjxeLhg": 1770186427.181593,
  "0NaQQsLWLkA": 1770186649.473775,
  "xVkPnfyX8oI": 1770187673.520443,
  "DOOOL58lGn4": 1770187802.278642,
  "ulgzDQZQjV0": 1770187922.213172,
  "ZggLwp5-Ajg": 1770188038.776668,
  "GrzoKN1aqSg": 1770188151.657726,
  "hgElCbz_g9U": 1770188236.478921,
  "nWvWBV0sv04": 1770188387.336048,
  "PhYq704ffdA": 1770188505.835154,
  "3fPXt37X6UQ": 1770188669.636362,
  "HOrhCnQsxnQ": 1770188825.414381,
  "GVRv0wMErKI": 1770188975.426695,
  "9Q43CxjCWmo": 1770189082.746538,
  "zULmo_Yxu-0": 1770189207.193686,
  "oUbzU87d1Gc": 1770191264.822631,
  "zZ70hDYvkL0": 1770193937.234881,
  "HnwNOj9rApk": 1770197892.412213,
  "NiolQ756NQg": 1770198026.408107,
  "XJXWbfSo2f0": 1770198171.163789,
  "376KN_ISplE": 1770199237.945703,
  "xuTJZ7uD7PI": 1770201803.77909,
  "JuFeAYaz2fs": 1770265318.319218,
  "iusJ25iYu1c": 1770265429.708515,
  "SYTO3xs06fU": 1770265568.784698,
  "FPp69fL5R8s": 1770265685.690732,
  "ZhQCZjr9fHo": 1770265810.446557,
  "hpjSkU2UYSU": 1770266119.770106,
  "_gnlBfxCL4A": 1770266249.263959,
  "q3o_8MteFM0": 1770266431.145596,
  "jt_MnTHMxKs": 1770266558.763113,
  "tS8UGM0pvmI": 1770266742.268553,
  "JjUyjE-oEbM": 1770266878.101462,
  "F4ottWBnCpM": 1770267967.026167,
  "A51dkNMRu9A": 1770268130.620323,
  "FO7JIlwjOtU": 1770268335.440172,
  "5l3y7VnjuiU": 1770268507.408154,
  "L44SnObnIWw": 1770268661.375463,
  "MYbhN8KaaEc": 1770268798.495089,
  "_Rm5tPdPvOo": 1770268910.239498,
  "HgwY_YQ1m0w": 1770269031.91485,
  "q8P8YoR6erg": 1770269160.97236,
  "EUsVwEOsblE": 1770269310.877014,
  "egrr7dmOiJU": 1770269459.072157,
  "bw6KWl4KaFg": 1770269608.606594,
  "Hq9BwndSFAY": 1770269790.56415,
  "8bghKxNU1j0": 1770269924.048355,
  "zi_yijqpRDs": 1770270047.858566,
  "4Pb0Hz_opec": 1770446489.600953,
  "OApHds2yEGQ": 1770446735.919059,
  "oyXis2kALVg": 1770446886.277722,
  "QckxruozjRg": 1770447200.285501,
  "w69Z8K-HGQU": 1770447580.444534,
  "nLUb9GThIcg": 1770447735.346494,
  "VvQSzMJ_h0U": 1770447968.019467,
  "oGv9xIl7DkY": 1770448195.463446,
  "8VcWVVsrPBk": 1770448460.288839,
  "ctG084PsBs8": 1770448720.685894,
  "xyDkHkvDYp4": 1770448945.732667,
  "FlHgxC0cUOo": 1770542122.015748,
  "7RWBSYA9Rro": 1770544389.901238,
  "2EJCSULRwC8": 1770544592.002449,
  "DLclPZyS_bs": 1770544834.938668,
  "iar-afB0QQw": 1770545060.322345,
  "WUehAgqO5hE": 1770545258.418446,
  "W5JUHJM1T9Q": 1770545505.880515,
  "sZv38atXIrM": 1770545772.724777,
  "eGGFZ5X2LnA": 1770546063.903668,
  "OAuoy7eGGGw": 1770546285.310662,
  "0ael3MsASGU": 1770865218.288737,
  "YzwRpNNK5r0": 1770870096.600619,
  "TYDjqAWIaD4": 1771033825.852467,
  "U3sOwViXhkY": 1771034091.771411,
  "FeQHl8GQ2Gw": 1771034481.264162,
  "B7DXZg1YlFQ": 1771034759.761161,
  "QJOxrWXTARM": 1771035228.277157,
  "FHgWFzDDAOs": 1771047069.082152,
  "kE0JmtbvXxM": 1771047500.743145,
  "hGMONQ4T7Co": 1771656698.814937,
  "tmTidmpILWw": 1771656945.31824,
  "XJD9JwFqdDk": 1771734511.031358,
  "_DVLQ8LPZh8": 1771734741.656327,
  "npxXWgQ33ZQ": 1771750190.822203,
  "yi94xUKd7Hk": 1772494358.400023,
  "kUATfFyJQQ4": 1772494533.392958,
  "8-GcGLKBk0s": 1772494694.362761,
  "6CFMOMVAdoo": 1772494868.56556,
  "SOcnni6gIRw": 1772495058.31412,
  "jXd2FSvcRr8": 1772495262.707322,
  "m_HRfLhgABo": 1772495431.931797,
  "hpz88a0NUS8": 1772495612.879972,
  "wl67wKt8hNI": 1772495801.494517,
  "1lHqfaLjnRA": 1772496038.302326,
  "ZPeXrWxOjRQ": 1772496239.400264,
  "3LJdk7FlqrI": 1772772767.096511,
  "uzkzAgv4g1s": 1772773025.940327,
  "ycGp1JKmzUo": 1772773243.3677,
  "HLQDfaJUTVI": 1772773433.598488,
  "Gy1p3CkNLms": 1772773625.551922,
  "MbtAmNL94r4": 1772773835.957385,
  "MMUzS5Qzuus": 1772774037.285163,
  "TKAg3WignSw": 1772774258.460875,
  "vEE00Hx5d0Q": 1772774435.599501,
  "pREq0ns_p_E": 1772774625.669116,
  "CdBJDBdkazs": 1772774836.413392,
  "J3QJFNx-ciE": 1772775026.725259
}