{
  "gmJrVv0pdC0": 1769263507.584711,
  "NDa8XB1zckw": 1769263597.740904,
  "T8CIozyE4vI": 1769263687.619918,
  "Lve57gFwdc4": 1769263771.682872,
  "aVwKrwNDduY": 1769263851.479957,
  "7SSWm8Fv_VY": 1769263944.930585,
  "xMWoNwrQvvs": 1769264031.195715,
  "J3QJFNx-ciE": 1769264121.15377,
  "OjHaPgV8qSA": 1769264209.542886,
  "gdCIzQ9YHZA": 1769264283.274334,
  "WdJkXFQ4VHY": 1769264355.829748,
  "1PRvp1sihDw": 1769264417.394443,
  "ILPhgj8lowQ": 1769264495.629967,
  "4tAUKDXPbbw": 1769264582.483854,
  "BsTMxYI7lww": 1769264665.025619,
  "WPOuXgrtjRA": 1769264904.623604,
  "AyYteVRAS9Q": 1769264990.235056,
  "iJ1lw8iNIy8": 1769265076.52145,
  "umUfeLXPB_I": 1769265244.069523,
  "3wXVwtdaESA": 1769265333.626988,
  "rALhtu3QPF0": 1769265403.807283,
  "xoCGTpW7nTw": 1769265490.995545,
  "ILGSn1YJVUo": 1769265595.847588,
  "VLCBVPIvKT8": 1769265700.403887,
  "lqFNdNNS3O4": 1769265792.17123,
  "qNLUMx5SOgM": 1769265876.422743,
  "jVAcZ8TDOUw": 1769265958.429648,
  "YZyI6zBTKA0": 1769266055.953525,
  "dNnlhR0zvAE": 1769266124.859577,
  "ZEilWthu728": 1769266210.279031,
  "7MYJbEfc5kU": 1769266294.747205,
  "DdNmYfyoizc": 1769269710.149334,
  "KBHIyDDtdak": 1769269816.98691,
  "dR_sfyYVy2o": 1769269879.639078,
  "zbbQWq2S9xk": 1769270691.113237,
  "DMAelxJ5r64": 1769270782.637175,
  "XiLHx6UbJPA": 1769270857.906314,
  "nOGHGCuz0rM": 1769270939.184175,
  "vKVUTS0msYw": 1769271025.186126,
  "VxJWbx-sb44": 1769271085.737601,
  "VrjZtCx7SvU": 1769272830.994319,
  "rrlnxZ-4lDg": 1769272909.997643,
  "kReXNqP_ToU": 1769272993.668656,
  "tgwUFzWnEpc": 1769273081.75995,
  "FZnXba8soFQ": 1769273151.200581,
  "mWW_ZiqHYNI": 1769273250.904997,
  "28GmY5apc5E": 1769273315.818703,
  "smHBlfmlkRs": 1769273408.36527,
  "qa2IMwBGP1E": 1769339763.612655,
  "IRLhAPLovgg": 1769339857.312723,
  "ocrjc3P_dfE": 1769339939.184283,
  "AGbBS38FdLg": 1769340030.859701,
  "ga8f7XqKFbM": 1769340125.012207,
  "7slgs1Lq-sE": 1769340222.239953,
  "_5NqEwtKiRI": 1769344271.02709,
  "abh7zBccJS8": 1769344342.944874,
  "kcMMXXlE6pY": 1769344415.237568,
  "YzKbXZtidT4": 1769344504.440295,
  "gt3rFSVbu1g": 1769344594.919711,
  "Rzpi0eDUYl0": 1769344679.249805,
  "8dXPo9sp7ts": 1769344756.362736,
  "wHs_kAt7Bbo": 1769344842.755356,
  "AW-CpMPgV6Y": 1769344926.697592,
  "WFefT1a_gVE": 1769345010.159619,
  "b5WEv6-VxO0": 1769345092.553491,
  "-4Wi_ii6StY": 1770084170.208893,
  "EY11Bz9Kj5o": 1770084266.626748,
  "O1ntsTXVCvw": 1770086385.348558,
  "Efa6S4lQv6Y": 1770086481.954118,
  "et9xL7926Nw": 1770086578.700613,
  "wzlm-lLHVvI": 1770086818.37615,
  "5PEAu6Dnrd8": 1770086902.990808,
  "_j3j817vaOU": 1770086998.476263,
  "Zy_MNhr3x-M": 1770087085.349724,
  "2hDvOQ-Bxiw": 1770087347.541599,
  "HgugOtbCm7w": 1770087415.893412,
  "ohjHMzOOXM8": 1770087518.932923,
  "cbJ5_rm5ZPY": 1770087621.702295,
  "dvNWscgOUZ4": 1770093219.836883,
  "NVo6_8KcZo0": 1770093320.962592,
  "yrO0z7iCjKU": 1770093408.890811,
  "OR1tCZzoHio": 1770093474.97248,
  "7OT6XhtSaz8": 1770093543.334892,
  "LlcpQWSWPUo": 1770093658.997812,
  "MtTrVUODVCM": 1770093764.851221,
  "cBVp_OPI320": 1770093877.526679,
  "j08J9OOglBI": 1770093977.446516,
  "M0yAcynJr6M": 1770094039.181992,
  "IBaVuZsJJTo": 1770184200.785156,
  "Qnlp3FCO2vc": 1770184325.511262,
  "xSiQBSq-I0M": 1770184473.561034,
  "9HI8UJMSdZA": 1770184653.415953,
  "Snd6is4B17M": 1770185428.065189,
  "sqJ4tLBiurw": 1770185577.081504,
  "stU1nkpcVsI": 1770185795.176165,
  "yubCnXAA3H8": 1770185949.473822,
  "Q1p7bh3SHj8": 1770186106.625038,
  "Im7lZjxeLhg": 1770186427.181593,
  "0NaQQsLWLkA": 1770186649.473775,
  "xVkPnfyX8oI": 1770187673.520443,
  "DOOOL58lGn4": 1770187802.278642,
  "ulgzDQZQjV0": 1770187922.213172,
  "ZggLwp5-Ajg": 1770188038.776668,
  "GrzoKN1aqSg": 1770188151.657726,
  "hgElCbz_g9U": 1770188236.478921,
  "nWvWBV0sv04": 1770188387.336048,
  "PhYq704ffdA": 1770188505.835154,
  "3fPXt37X6UQ": 1770188669.636362,
  "HOrhCnQsxnQ": 1770188825.414381,
  "GVRv0wMErKI": 1770188975.426695,
  "9Q43CxjCWmo": 1770189082.746538,
  "zULmo_Yxu-0": 1770189207.193686,
  "oUbzU87d1Gc": 1770191264.822631,
  "zZ70hDYvkL0": 1770193937.234881,
  "HnwNOj9rApk": 1770197892.412213,
  "NiolQ756NQg": 1770198026.408107,
  "XJXWbfSo2f0": 1770198171.163789,
  "376KN_ISplE": 1770199237.945703,
  "xuTJZ7uD7PI": 1770201803.77909,
  "JuFeAYaz2fs": 1770265318.319218,
  "iusJ25iYu1c": 1770265429.708515,
  "SYTO3xs06fU": 1770265568.784698,
  "FPp69fL5R8s": 1770265685.690732,
  "ZhQCZjr9fHo": 1770265810.446557,
  "hpjSkU2UYSU": 1770266119.770106,
  "_gnlBfxCL4A": 1770266249.263959,
  "q3o_8MteFM0": 1770266431.145596,
  "jt_MnTHMxKs": 1770266558.763113,
  "tS8UGM0pvmI": 1770266742.268553,
  "JjUyjE-oEbM": 1770266878.101462,
  "F4ottWBnCpM": 1770267967.026167,
  "A51dkNMRu9A": 1770268130.620323,
  "FO7JIlwjOtU": 1770268335.440172,
  "5l3y7VnjuiU": 1770268507.408154,
  "L44SnObnIWw": 1770268661.375463,
  "MYbhN8KaaEc": 1770268798.495089,
  "_Rm5tPdPvOo": 1770268910.239498,
  "HgwY_YQ1m0w": 1770269031.91485,
  "q8P8YoR6erg": 1770269160.97236,
  "EUsVwEOsblE": 1770269310.877014,
  "egrr7dmOiJU": 1770269459.072157,
  "bw6KWl4KaFg": 1770269608.606594,
  "Hq9BwndSFAY": 1770269790.56415,
  "8bghKxNU1j0": 1770269924.048355,
  "zi_yijqpRDs": 1770270047.858566,
  "4Pb0Hz_opec": 1770446489.600953,
  "OApHds2yEGQ": 1770446735.919059,
  "oyXis2kALVg": 1770446886.277722,
  "QckxruozjRg": 1770447200.285501,
  "w69Z8K-HGQU": 1770447580.444534,
  "nLUb9GThIcg": 1770447735.346494,
  "VvQSzMJ_h0U": 1770447968.019467,
  "oGv9xIl7DkY": 1770448195.463446,
  "8VcWVVsrPBk": 1770448460.288839,
  "ctG084PsBs8": 1770448720.685894,
  "xyDkHkvDYp4": 1770448945.732667,
  "FlHgxC0cUOo": 1770542122.015748,
  "7RWBSYA9Rro": 1770544389.901238,
  "2EJCSULRwC8": 1770544592.002449,
  "DLclPZyS_bs": 1770544834.938668,
  "iar-afB0QQw": 1770545060.322345,
  "WUehAgqO5hE": 1770545258.418446,
  "W5JUHJM1T9Q": 1770545505.880515,
  "sZv38atXIrM": 1770545772.724777,
  "eGGFZ5X2LnA": 1770546063.903668,
  "OAuoy7eGGGw": 1770546285.310662,
  "0ael3MsASGU": 1770865218.288737,
  "YzwRpNNK5r0": 1770870096.600619,
  "TYDjqAWIaD4": 1771033825.852467,
  "U3sOwViXhkY": 1771034091.771411,
  "FeQHl8GQ2Gw": 1771034481.264162,
  "B7DXZg1YlFQ": 1771034759.761161,
  "QJOxrWXTARM": 1771035228.277157,
  "FHgWFzDDAOs": 1771047069.082152,
  "kE0JmtbvXxM": 1771047500.743145,
  "hGMONQ4T7Co": 1771656698.814937,
  "tmTidmpILWw": 1771656945.31824,
  "XJD9JwFqdDk": 1771734511.031358,
  "_DVLQ8LPZh8": 1771734741.656327,
  "npxXWgQ33ZQ": 1771750190.822203
}